user_id,path,t_begin,t_end,success,reward
8,"[('STARLINK-6186', 4, 0), ('STARLINK-2575', 8, 1), ('STARLINK-2575', 8, 2), ('STARLINK-2575', 8, 3), ('STARLINK-2575', 8, 4), ('STARLINK-4158', 11, 5), ('STARLINK-4158', 11, 6), ('STARLINK-4158', 11, 7), ('STARLINK-4158', 11, 8), ('STARLINK-34160', 11, 9), ('STARLINK-34160', 11, 10), ('STARLINK-34160', 11, 11), ('STARLINK-34160', 11, 12)]",0,12,True,1342.8981335308488
9,"[('STARLINK-31858', 3, 0), ('STARLINK-2575', 10, 1), ('STARLINK-2575', 10, 2), ('STARLINK-2575', 10, 3), ('STARLINK-2575', 10, 4), ('STARLINK-4158', 9, 5), ('STARLINK-4158', 9, 6), ('STARLINK-4158', 9, 7), ('STARLINK-4158', 9, 8), ('STARLINK-34160', 12, 9), ('STARLINK-34160', 12, 10), ('STARLINK-34160', 12, 11), ('STARLINK-34160', 12, 12)]",0,12,True,1246.959483819558
10,"[('STARLINK-2575', 18, 0), ('STARLINK-2575', 18, 1), ('STARLINK-5086', 0, 2), ('STARLINK-5086', 0, 3), ('STARLINK-5086', 0, 4), ('STARLINK-5086', 0, 5), ('STARLINK-33873', 10, 6), ('STARLINK-33873', 10, 7), ('STARLINK-33873', 10, 8), ('STARLINK-33873', 10, 9), ('STARLINK-34160', 14, 10), ('STARLINK-34160', 14, 11), ('STARLINK-34160', 14, 12)]",0,12,True,1057.6139598655375
11,"[('STARLINK-31858', 22, 0), ('STARLINK-31858', 22, 1), ('STARLINK-31858', 22, 2), ('STARLINK-31858', 22, 3), ('STARLINK-32001', 21, 4), ('STARLINK-32001', 21, 5), ('STARLINK-32001', 21, 6), ('STARLINK-32001', 21, 7), ('STARLINK-32001', 21, 8), ('STARLINK-34160', 17, 9), ('STARLINK-34160', 17, 10)]",0,10,True,813.3275393088832
44,"[('STARLINK-5086', 9, 3), ('STARLINK-5086', 9, 4), ('STARLINK-4158', 19, 5), ('STARLINK-4158', 19, 6), ('STARLINK-4158', 19, 7), ('STARLINK-4158', 19, 8), ('STARLINK-34160', 19, 9), ('STARLINK-34160', 19, 10), ('STARLINK-34160', 19, 11), ('STARLINK-34160', 19, 12), ('STARLINK-31744', 4, 13)]",3,13,True,726.5922179622304
47,"[('STARLINK-30546', 0, 3), ('STARLINK-32001', 14, 4), ('STARLINK-32001', 14, 5), ('STARLINK-32001', 14, 6), ('STARLINK-32001', 14, 7), ('STARLINK-34165', 9, 8), ('STARLINK-34165', 9, 9), ('STARLINK-34165', 9, 10), ('STARLINK-34165', 9, 11), ('STARLINK-31678', 0, 12), ('STARLINK-31678', 0, 13)]",3,13,True,638.4419598648374
46,"[('STARLINK-31910', 2, 3), ('STARLINK-31910', 2, 4), ('STARLINK-31910', 2, 5), ('STARLINK-4158', 15, 6), ('STARLINK-4158', 15, 7), ('STARLINK-4158', 15, 8), ('STARLINK-4158', 15, 9), ('STARLINK-34160', 20, 10), ('STARLINK-34160', 20, 11), ('STARLINK-34160', 20, 12), ('STARLINK-34160', 20, 13), ('STARLINK-33717', 21, 14), ('STARLINK-33717', 21, 15)]",3,15,True,791.7515801239342
45,"[('STARLINK-6186', 7, 3), ('STARLINK-6186', 7, 4), ('STARLINK-4158', 22, 5), ('STARLINK-4158', 22, 6), ('STARLINK-4158', 22, 7), ('STARLINK-4158', 22, 8), ('STARLINK-4158', 22, 9), ('STARLINK-34160', 18, 10), ('STARLINK-34160', 18, 11), ('STARLINK-34160', 18, 12), ('STARLINK-34160', 18, 13), ('STARLINK-33717', 22, 14), ('STARLINK-33717', 22, 15)]",3,15,True,690.5249022908115
56,"[('STARLINK-5086', 10, 4), ('STARLINK-5086', 10, 5), ('STARLINK-33873', 6, 6), ('STARLINK-33873', 6, 7), ('STARLINK-33873', 6, 8), ('STARLINK-33873', 6, 9), ('STARLINK-34160', 10, 10), ('STARLINK-34160', 10, 11), ('STARLINK-34160', 10, 12), ('STARLINK-34160', 10, 13), ('STARLINK-33717', 24, 14), ('STARLINK-33717', 24, 15)]",4,15,True,642.8426907573596
57,"[('STARLINK-33875', 8, 4), ('STARLINK-33875', 8, 5), ('STARLINK-33875', 8, 6), ('STARLINK-34165', 5, 7), ('STARLINK-34165', 5, 8), ('STARLINK-34165', 5, 9), ('STARLINK-34165', 5, 10), ('STARLINK-34165', 5, 11), ('STARLINK-32190', 7, 12), ('STARLINK-32190', 7, 13), ('STARLINK-32190', 7, 14)]",4,14,True,540.92484602764
58,"[('STARLINK-5086', 3, 4), ('STARLINK-5086', 3, 5), ('STARLINK-4158', 17, 6), ('STARLINK-4158', 17, 7), ('STARLINK-4158', 17, 8), ('STARLINK-4158', 17, 9), ('STARLINK-34160', 2, 10), ('STARLINK-34160', 2, 11), ('STARLINK-34160', 2, 12), ('STARLINK-34160', 2, 13), ('STARLINK-30906', 19, 14), ('STARLINK-30906', 19, 15)]",4,15,True,556.4425620780883
59,"[('STARLINK-32001', 16, 4), ('STARLINK-32001', 16, 5), ('STARLINK-32001', 16, 6), ('STARLINK-32001', 16, 7), ('STARLINK-34165', 7, 8), ('STARLINK-34165', 7, 9), ('STARLINK-34165', 7, 10), ('STARLINK-34165', 7, 11), ('STARLINK-32190', 3, 12), ('STARLINK-32190', 3, 13), ('STARLINK-32190', 3, 14)]",4,14,True,445.93440952641896
23,"[('STARLINK-33875', 21, 5), ('STARLINK-33875', 21, 6), ('STARLINK-34165', 0, 7), ('STARLINK-34165', 0, 8), ('STARLINK-34165', 0, 9), ('STARLINK-34165', 0, 10), ('STARLINK-34165', 0, 11), ('STARLINK-32190', 20, 12), ('STARLINK-32190', 20, 13), ('STARLINK-32190', 20, 14), ('STARLINK-32190', 20, 15), ('STARLINK-31771', 15, 16), ('STARLINK-31771', 15, 17)]",5,17,True,610.7935557447324
22,"[('STARLINK-31353', 5, 5), ('STARLINK-4158', 12, 6), ('STARLINK-4158', 12, 7), ('STARLINK-4158', 12, 8), ('STARLINK-4158', 12, 9), ('STARLINK-34160', 4, 10), ('STARLINK-34160', 4, 11), ('STARLINK-34160', 4, 12), ('STARLINK-34160', 4, 13), ('STARLINK-30906', 16, 14), ('STARLINK-30906', 16, 15), ('STARLINK-30906', 16, 16)]",5,16,True,555.5275085248038
21,"[('STARLINK-30955', 2, 5), ('STARLINK-30955', 2, 6), ('STARLINK-30955', 2, 7), ('STARLINK-34165', 13, 8), ('STARLINK-34165', 13, 9), ('STARLINK-34165', 13, 10), ('STARLINK-34165', 13, 11), ('STARLINK-32190', 18, 12), ('STARLINK-32190', 18, 13), ('STARLINK-32190', 18, 14), ('STARLINK-32190', 18, 15), ('STARLINK-6116', 12, 16), ('STARLINK-6116', 12, 17)]",5,17,True,554.0905958160238
20,"[('STARLINK-31353', 20, 5), ('STARLINK-33873', 21, 6), ('STARLINK-33873', 21, 7), ('STARLINK-33873', 21, 8), ('STARLINK-33873', 21, 9), ('STARLINK-34160', 3, 10), ('STARLINK-34160', 3, 11), ('STARLINK-34160', 3, 12), ('STARLINK-34160', 3, 13), ('STARLINK-30906', 8, 14), ('STARLINK-30906', 8, 15), ('STARLINK-30906', 8, 16)]",5,16,True,492.3103154281737
55,"[('STARLINK-30955', 16, 6), ('STARLINK-30955', 16, 7), ('STARLINK-34165', 1, 8), ('STARLINK-34165', 1, 9), ('STARLINK-34165', 1, 10), ('STARLINK-34165', 1, 11), ('STARLINK-32190', 2, 12), ('STARLINK-32190', 2, 13), ('STARLINK-32190', 2, 14), ('STARLINK-32190', 2, 15), ('STARLINK-31771', 8, 16), ('STARLINK-31771', 8, 17), ('STARLINK-31771', 8, 18)]",6,18,True,552.7066948065103
54,"[('STARLINK-34163', 10, 6), ('STARLINK-34163', 10, 7), ('STARLINK-34163', 10, 8), ('STARLINK-34160', 15, 9), ('STARLINK-34160', 15, 10), ('STARLINK-34160', 15, 11), ('STARLINK-34160', 15, 12), ('STARLINK-34160', 15, 13), ('STARLINK-33717', 14, 14), ('STARLINK-33717', 14, 15), ('STARLINK-33717', 14, 16), ('STARLINK-33717', 14, 17), ('STARLINK-5158', 6, 18)]",6,18,True,520.1261849948473
52,"[('STARLINK-30955', 24, 6), ('STARLINK-30955', 24, 7), ('STARLINK-34165', 21, 8), ('STARLINK-34165', 21, 9), ('STARLINK-34165', 21, 10), ('STARLINK-34165', 21, 11), ('STARLINK-32190', 21, 12), ('STARLINK-32190', 21, 13), ('STARLINK-32190', 21, 14), ('STARLINK-32190', 21, 15), ('STARLINK-6116', 5, 16), ('STARLINK-6116', 5, 17)]",6,17,True,412.9241313006953
53,"[('STARLINK-33875', 18, 6), ('STARLINK-34165', 3, 7), ('STARLINK-34165', 3, 8), ('STARLINK-34165', 3, 9), ('STARLINK-34165', 3, 10), ('STARLINK-34165', 3, 11), ('STARLINK-32190', 22, 12), ('STARLINK-32190', 22, 13), ('STARLINK-32190', 22, 14), ('STARLINK-32190', 22, 15), ('STARLINK-31771', 23, 16), ('STARLINK-31771', 23, 17), ('STARLINK-31771', 23, 18)]",6,18,True,442.9585092126829
38,"[('STARLINK-33873', 22, 7), ('STARLINK-33873', 22, 8), ('STARLINK-33873', 22, 9), ('STARLINK-34160', 5, 10), ('STARLINK-34160', 5, 11), ('STARLINK-34160', 5, 12), ('STARLINK-34160', 5, 13), ('STARLINK-33717', 12, 14), ('STARLINK-33717', 12, 15), ('STARLINK-33717', 12, 16), ('STARLINK-33717', 12, 17), ('STARLINK-31001', 22, 18), ('STARLINK-31001', 22, 19)]",7,19,True,504.8184851525525
37,"[('STARLINK-30955', 8, 7), ('STARLINK-34165', 16, 8), ('STARLINK-34165', 16, 9), ('STARLINK-34165', 16, 10), ('STARLINK-34165', 16, 11), ('STARLINK-32190', 1, 12), ('STARLINK-32190', 1, 13), ('STARLINK-32190', 1, 14), ('STARLINK-32190', 1, 15), ('STARLINK-6116', 20, 16), ('STARLINK-6116', 20, 17), ('STARLINK-6116', 20, 18)]",7,18,True,380.2409968024761
36,"[('STARLINK-5860', 11, 7), ('STARLINK-34165', 4, 8), ('STARLINK-34165', 4, 9), ('STARLINK-34165', 4, 10), ('STARLINK-34165', 4, 11), ('STARLINK-32190', 23, 12), ('STARLINK-32190', 23, 13), ('STARLINK-32190', 23, 14), ('STARLINK-32190', 23, 15), ('STARLINK-6116', 18, 16), ('STARLINK-6116', 18, 17), ('STARLINK-6116', 18, 18), ('STARLINK-6116', 18, 19)]",7,19,True,232.13687816928817
39,"[('STARLINK-5860', 19, 7), ('STARLINK-34165', 12, 8), ('STARLINK-34165', 12, 9), ('STARLINK-34165', 12, 10), ('STARLINK-34165', 12, 11), ('STARLINK-32190', 24, 12), ('STARLINK-32190', 24, 13), ('STARLINK-32190', 24, 14), ('STARLINK-32190', 24, 15), ('STARLINK-31771', 7, 16), ('STARLINK-31771', 7, 17), ('STARLINK-31771', 7, 18)]",7,18,True,304.9448938308739
35,"[('STARLINK-34165', 20, 8), ('STARLINK-34165', 20, 9), ('STARLINK-34165', 20, 10), ('STARLINK-34165', 20, 11), ('STARLINK-32190', 6, 12), ('STARLINK-32190', 6, 13), ('STARLINK-32190', 6, 14), ('STARLINK-32190', 6, 15), ('STARLINK-31457', 0, 16), ('STARLINK-31457', 0, 17), ('STARLINK-31457', 0, 18), ('STARLINK-31457', 0, 19)]",8,19,True,170.9277457667
34,[],8,20,False,0.0
33,[],8,18,False,0.0
32,[],8,18,False,0.0
98,[],9,19,False,0.0
99,[],9,19,False,0.0
97,[],9,21,False,0.0
96,[],9,20,False,0.0
75,"[('STARLINK-34160', 17, 11), ('STARLINK-34160', 17, 12), ('STARLINK-34160', 17, 13), ('STARLINK-33717', 3, 14), ('STARLINK-33717', 3, 15), ('STARLINK-33717', 3, 16), ('STARLINK-33717', 3, 17), ('STARLINK-5158', 13, 18), ('STARLINK-5158', 13, 19), ('STARLINK-5158', 13, 20), ('STARLINK-5158', 13, 21)]",11,21,True,481.97910872207075
73,"[('STARLINK-4028', 22, 11), ('STARLINK-4028', 22, 12), ('STARLINK-4028', 22, 13), ('STARLINK-33717', 4, 14), ('STARLINK-33717', 4, 15), ('STARLINK-33717', 4, 16), ('STARLINK-33717', 4, 17), ('STARLINK-30530', 10, 18), ('STARLINK-30530', 10, 19), ('STARLINK-30530', 10, 20), ('STARLINK-30530', 10, 21), ('STARLINK-30334', 22, 22), ('STARLINK-30334', 22, 23)]",11,23,True,629.9067042663146
72,"[('STARLINK-4028', 1, 11), ('STARLINK-4028', 1, 12), ('STARLINK-4028', 1, 13), ('STARLINK-33717', 13, 14), ('STARLINK-33717', 13, 15), ('STARLINK-33717', 13, 16), ('STARLINK-33717', 13, 17), ('STARLINK-30069', 8, 18), ('STARLINK-30069', 8, 19), ('STARLINK-30069', 8, 20), ('STARLINK-30069', 8, 21), ('STARLINK-30334', 8, 22)]",11,22,True,452.19256726642186
74,"[('STARLINK-4028', 6, 11), ('STARLINK-32190', 0, 12), ('STARLINK-32190', 0, 13), ('STARLINK-32190', 0, 14), ('STARLINK-32190', 0, 15), ('STARLINK-6116', 15, 16), ('STARLINK-6116', 15, 17), ('STARLINK-6116', 15, 18), ('STARLINK-6116', 15, 19), ('STARLINK-5078', 0, 20), ('STARLINK-5078', 0, 21), ('STARLINK-5078', 0, 22), ('STARLINK-5078', 0, 23)]",11,23,True,538.4314469552476
87,"[('STARLINK-31678', 21, 12), ('STARLINK-31678', 21, 13), ('STARLINK-33717', 11, 14), ('STARLINK-33717', 11, 15), ('STARLINK-33717', 11, 16), ('STARLINK-33717', 11, 17), ('STARLINK-5158', 12, 18), ('STARLINK-5158', 12, 19), ('STARLINK-5158', 12, 20), ('STARLINK-5158', 12, 21), ('STARLINK-5158', 12, 22), ('STARLINK-30552', 24, 23), ('STARLINK-30552', 24, 24)]",12,24,True,723.0723268403531
86,"[('STARLINK-31678', 7, 12), ('STARLINK-31678', 7, 13), ('STARLINK-33717', 10, 14), ('STARLINK-33717', 10, 15), ('STARLINK-33717', 10, 16), ('STARLINK-33717', 10, 17), ('STARLINK-30069', 23, 18), ('STARLINK-30069', 23, 19), ('STARLINK-30069', 23, 20), ('STARLINK-30069', 23, 21), ('STARLINK-30334', 21, 22), ('STARLINK-30334', 21, 23), ('STARLINK-30334', 21, 24)]",12,24,True,681.3573181390234
84,"[('STARLINK-32190', 14, 12), ('STARLINK-32190', 14, 13), ('STARLINK-32190', 14, 14), ('STARLINK-31457', 20, 15), ('STARLINK-31457', 20, 16), ('STARLINK-31457', 20, 17), ('STARLINK-31457', 20, 18), ('STARLINK-5078', 2, 19), ('STARLINK-5078', 2, 20), ('STARLINK-5078', 2, 21), ('STARLINK-5078', 2, 22)]",12,22,True,448.33042677158096
85,"[('STARLINK-31678', 1, 12), ('STARLINK-31678', 1, 13), ('STARLINK-33717', 15, 14), ('STARLINK-33717', 15, 15), ('STARLINK-33717', 15, 16), ('STARLINK-33717', 15, 17), ('STARLINK-30530', 24, 18), ('STARLINK-30530', 24, 19), ('STARLINK-30530', 24, 20), ('STARLINK-30530', 24, 21), ('STARLINK-5311', 19, 22), ('STARLINK-5311', 19, 23), ('STARLINK-5311', 19, 24)]",12,24,True,596.4805680786088
71,"[('STARLINK-31744', 17, 13), ('STARLINK-31744', 17, 14), ('STARLINK-31457', 5, 15), ('STARLINK-31457', 5, 16), ('STARLINK-31457', 5, 17), ('STARLINK-31457', 5, 18), ('STARLINK-31996', 23, 19), ('STARLINK-31996', 23, 20), ('STARLINK-31996', 23, 21), ('STARLINK-31996', 23, 22), ('STARLINK-33914', 23, 23), ('STARLINK-33914', 23, 24), ('STARLINK-33914', 23, 25)]",13,25,True,688.1843052487136
69,"[('STARLINK-31744', 12, 13), ('STARLINK-31744', 12, 14), ('STARLINK-31457', 16, 15), ('STARLINK-31457', 16, 16), ('STARLINK-31457', 16, 17), ('STARLINK-31457', 16, 18), ('STARLINK-5078', 22, 19), ('STARLINK-5078', 22, 20), ('STARLINK-5078', 22, 21), ('STARLINK-5078', 22, 22), ('STARLINK-5311', 5, 23), ('STARLINK-5311', 5, 24)]",13,24,True,514.238832086053
68,"[('STARLINK-31678', 11, 13), ('STARLINK-33717', 19, 14), ('STARLINK-33717', 19, 15), ('STARLINK-33717', 19, 16), ('STARLINK-33717', 19, 17), ('STARLINK-5158', 9, 18), ('STARLINK-5158', 9, 19), ('STARLINK-5158', 9, 20), ('STARLINK-5158', 9, 21), ('STARLINK-30334', 1, 22), ('STARLINK-30334', 1, 23)]",13,23,True,328.09722350996316
70,"[('STARLINK-31744', 8, 13), ('STARLINK-31744', 8, 14), ('STARLINK-31457', 14, 15), ('STARLINK-31457', 14, 16), ('STARLINK-31457', 14, 17), ('STARLINK-31457', 14, 18), ('STARLINK-5078', 15, 19), ('STARLINK-5078', 15, 20), ('STARLINK-5078', 15, 21), ('STARLINK-5078', 15, 22), ('STARLINK-5078', 15, 23), ('STARLINK-30603', 6, 24)]",13,24,True,399.9781654722711
29,"[('STARLINK-30906', 7, 14), ('STARLINK-30906', 7, 15), ('STARLINK-30906', 7, 16), ('STARLINK-30530', 21, 17), ('STARLINK-30530', 21, 18), ('STARLINK-30530', 21, 19), ('STARLINK-30530', 21, 20), ('STARLINK-5311', 13, 21), ('STARLINK-5311', 13, 22), ('STARLINK-5311', 13, 23), ('STARLINK-5311', 13, 24), ('STARLINK-33914', 13, 25)]",14,25,True,540.4330290627665
28,"[('STARLINK-30906', 18, 14), ('STARLINK-30906', 18, 15), ('STARLINK-6116', 22, 16), ('STARLINK-6116', 22, 17), ('STARLINK-6116', 22, 18), ('STARLINK-6116', 22, 19), ('STARLINK-5078', 24, 20), ('STARLINK-5078', 24, 21), ('STARLINK-5078', 24, 22), ('STARLINK-5078', 24, 23), ('STARLINK-30603', 11, 24)]",14,24,True,379.52080740462696
31,"[('STARLINK-30906', 17, 14), ('STARLINK-31457', 3, 15), ('STARLINK-31457', 3, 16), ('STARLINK-31457', 3, 17), ('STARLINK-31457', 3, 18), ('STARLINK-5078', 10, 19), ('STARLINK-5078', 10, 20), ('STARLINK-5078', 10, 21), ('STARLINK-5078', 10, 22), ('STARLINK-30552', 12, 23), ('STARLINK-30552', 12, 24)]",14,24,True,334.9250400377358
30,"[('STARLINK-30906', 4, 14), ('STARLINK-30906', 4, 15), ('STARLINK-30906', 4, 16), ('STARLINK-30530', 20, 17), ('STARLINK-30530', 20, 18), ('STARLINK-30530', 20, 19), ('STARLINK-30530', 20, 20), ('STARLINK-5311', 14, 21), ('STARLINK-5311', 14, 22), ('STARLINK-5311', 14, 23), ('STARLINK-5311', 14, 24), ('STARLINK-33846', 21, 25)]",14,25,True,338.0266606006474
60,"[('STARLINK-31457', 24, 15), ('STARLINK-31457', 24, 16), ('STARLINK-31457', 24, 17), ('STARLINK-5158', 4, 18), ('STARLINK-5158', 4, 19), ('STARLINK-5158', 4, 20), ('STARLINK-5158', 4, 21), ('STARLINK-5158', 4, 22), ('STARLINK-30552', 0, 23), ('STARLINK-30552', 0, 24), ('STARLINK-30552', 0, 25), ('STARLINK-30552', 0, 26), ('STARLINK-33832', 7, 27)]",15,27,True,516.9834040354561
62,"[('STARLINK-30906', 6, 15), ('STARLINK-30906', 6, 16), ('STARLINK-30530', 8, 17), ('STARLINK-30530', 8, 18), ('STARLINK-30530', 8, 19), ('STARLINK-30530', 8, 20), ('STARLINK-30334', 5, 21), ('STARLINK-30334', 5, 22), ('STARLINK-30334', 5, 23), ('STARLINK-30334', 5, 24), ('STARLINK-30552', 22, 25), ('STARLINK-30552', 22, 26)]",15,26,True,360.48008801184176
61,"[('STARLINK-30906', 2, 15), ('STARLINK-5950', 5, 16), ('STARLINK-5950', 5, 17), ('STARLINK-5950', 5, 18), ('STARLINK-5950', 5, 19), ('STARLINK-31996', 17, 20), ('STARLINK-31996', 17, 21), ('STARLINK-31996', 17, 22), ('STARLINK-31996', 17, 23), ('STARLINK-33846', 1, 24), ('STARLINK-33846', 1, 25), ('STARLINK-33846', 1, 26)]",15,26,True,327.3132699073908
63,"[('STARLINK-31457', 8, 15), ('STARLINK-31457', 8, 16), ('STARLINK-31457', 8, 17), ('STARLINK-31457', 8, 18), ('STARLINK-5078', 12, 19), ('STARLINK-5078', 12, 20), ('STARLINK-5078', 12, 21), ('STARLINK-5078', 12, 22), ('STARLINK-33846', 19, 23), ('STARLINK-33846', 19, 24), ('STARLINK-33846', 19, 25), ('STARLINK-33846', 19, 26), ('STARLINK-33832', 8, 27)]",15,27,True,430.22883701475945
67,"[('STARLINK-31771', 17, 16), ('STARLINK-31771', 17, 17), ('STARLINK-31771', 17, 18), ('STARLINK-3752', 23, 19), ('STARLINK-3752', 23, 20), ('STARLINK-3752', 23, 21), ('STARLINK-3752', 23, 22), ('STARLINK-30552', 11, 23), ('STARLINK-30552', 11, 24), ('STARLINK-30552', 11, 25), ('STARLINK-30552', 11, 26)]",16,26,True,344.5479914340906
66,"[('STARLINK-31771', 9, 16), ('STARLINK-31771', 9, 17), ('STARLINK-5158', 14, 18), ('STARLINK-5158', 14, 19), ('STARLINK-5158', 14, 20), ('STARLINK-5158', 14, 21), ('STARLINK-30552', 18, 22), ('STARLINK-30552', 18, 23), ('STARLINK-30552', 18, 24), ('STARLINK-30552', 18, 25), ('STARLINK-31483', 9, 26)]",16,26,True,323.74945916264454
65,"[('STARLINK-31771', 19, 16), ('STARLINK-31771', 19, 17), ('STARLINK-31771', 19, 18), ('STARLINK-5078', 16, 19), ('STARLINK-5078', 16, 20), ('STARLINK-5078', 16, 21), ('STARLINK-5078', 16, 22), ('STARLINK-5078', 16, 23), ('STARLINK-33832', 5, 24), ('STARLINK-33832', 5, 25), ('STARLINK-33832', 5, 26), ('STARLINK-33832', 5, 27), ('STARLINK-32191', 2, 28)]",16,28,True,445.4976040461938
64,"[('STARLINK-31771', 10, 16), ('STARLINK-31771', 10, 17), ('STARLINK-31771', 10, 18), ('STARLINK-31996', 13, 19), ('STARLINK-31996', 13, 20), ('STARLINK-31996', 13, 21), ('STARLINK-31996', 13, 22), ('STARLINK-30552', 7, 23), ('STARLINK-30552', 7, 24), ('STARLINK-30552', 7, 25), ('STARLINK-30552', 7, 26), ('STARLINK-33832', 15, 27)]",16,27,True,303.1571957555978
0,"[('STARLINK-31001', 3, 17), ('STARLINK-31001', 3, 18), ('STARLINK-31001', 3, 19), ('STARLINK-5311', 24, 20), ('STARLINK-5311', 24, 21), ('STARLINK-5311', 24, 22), ('STARLINK-5311', 24, 23), ('STARLINK-5311', 24, 24), ('STARLINK-5311', 24, 25), ('STARLINK-31483', 8, 26), ('STARLINK-31483', 8, 27)]",17,27,True,260.01496821680496
1,"[('STARLINK-31001', 21, 17), ('STARLINK-31001', 21, 18), ('STARLINK-3752', 0, 19), ('STARLINK-3752', 0, 20), ('STARLINK-3752', 0, 21), ('STARLINK-3752', 0, 22), ('STARLINK-33846', 2, 23), ('STARLINK-33846', 2, 24), ('STARLINK-33846', 2, 25), ('STARLINK-33846', 2, 26), ('STARLINK-33846', 2, 27)]",17,27,True,234.00812332345907
2,"[('STARLINK-31001', 11, 17), ('STARLINK-31001', 11, 18), ('STARLINK-31001', 11, 19), ('STARLINK-31996', 1, 20), ('STARLINK-31996', 1, 21), ('STARLINK-31996', 1, 22), ('STARLINK-31996', 1, 23), ('STARLINK-33846', 11, 24), ('STARLINK-33846', 11, 25), ('STARLINK-33846', 11, 26), ('STARLINK-33846', 11, 27), ('STARLINK-3749', 7, 28)]",17,28,True,310.24668179743634
3,"[('STARLINK-31771', 6, 17), ('STARLINK-30069', 22, 18), ('STARLINK-30069', 22, 19), ('STARLINK-30069', 22, 20), ('STARLINK-30069', 22, 21), ('STARLINK-32199', 20, 22), ('STARLINK-32199', 20, 23), ('STARLINK-32199', 20, 24), ('STARLINK-32199', 20, 25), ('STARLINK-32199', 20, 26), ('STARLINK-33832', 9, 27)]",17,27,True,220.35204456179898
24,"[('STARLINK-31001', 15, 18), ('STARLINK-31001', 15, 19), ('STARLINK-30334', 3, 20), ('STARLINK-30334', 3, 21), ('STARLINK-30334', 3, 22), ('STARLINK-30334', 3, 23), ('STARLINK-33846', 22, 24), ('STARLINK-33846', 22, 25), ('STARLINK-33846', 22, 26), ('STARLINK-33846', 22, 27), ('STARLINK-4279', 4, 28), ('STARLINK-4279', 4, 29), ('STARLINK-4279', 4, 30)]",18,30,True,508.26942771911126
27,"[('STARLINK-31771', 15, 18), ('STARLINK-3752', 2, 19), ('STARLINK-3752', 2, 20), ('STARLINK-3752', 2, 21), ('STARLINK-3752', 2, 22), ('STARLINK-30552', 17, 23), ('STARLINK-30552', 17, 24), ('STARLINK-30552', 17, 25), ('STARLINK-30552', 17, 26), ('STARLINK-30552', 17, 27), ('STARLINK-32191', 19, 28)]",18,28,True,256.56114021340255
26,"[('STARLINK-5158', 20, 18), ('STARLINK-5078', 8, 19), ('STARLINK-5078', 8, 20), ('STARLINK-5078', 8, 21), ('STARLINK-5078', 8, 22), ('STARLINK-33846', 24, 23), ('STARLINK-33846', 24, 24), ('STARLINK-33846', 24, 25), ('STARLINK-33846', 24, 26), ('STARLINK-33846', 24, 27), ('STARLINK-2606', 20, 28), ('STARLINK-2606', 20, 29)]",18,29,True,352.89817858309806
25,"[('STARLINK-30530', 19, 18), ('STARLINK-30530', 19, 19), ('STARLINK-30530', 19, 20), ('STARLINK-5311', 15, 21), ('STARLINK-5311', 15, 22), ('STARLINK-5311', 15, 23), ('STARLINK-5311', 15, 24), ('STARLINK-5311', 15, 25), ('STARLINK-31483', 6, 26), ('STARLINK-31483', 6, 27), ('STARLINK-31483', 6, 28)]",18,28,True,209.72446641261604
50,"[('STARLINK-3752', 5, 19), ('STARLINK-31996', 6, 20), ('STARLINK-31996', 6, 21), ('STARLINK-31996', 6, 22), ('STARLINK-31996', 6, 23), ('STARLINK-33832', 23, 24), ('STARLINK-33832', 23, 25), ('STARLINK-33832', 23, 26), ('STARLINK-33832', 23, 27), ('STARLINK-2606', 8, 28), ('STARLINK-2606', 8, 29)]",19,29,True,291.5047642987006
51,"[('STARLINK-31010', 18, 19), ('STARLINK-31010', 18, 20), ('STARLINK-31010', 18, 21), ('STARLINK-32199', 12, 22), ('STARLINK-32199', 12, 23), ('STARLINK-32199', 12, 24), ('STARLINK-32199', 12, 25), ('STARLINK-30545', 5, 26), ('STARLINK-30545', 5, 27), ('STARLINK-30545', 5, 28), ('STARLINK-30545', 5, 29), ('STARLINK-30545', 5, 30), ('STARLINK-31380', 18, 31)]",19,31,True,443.3643771475778
49,"[('STARLINK-31010', 11, 19), ('STARLINK-31010', 11, 20), ('STARLINK-31010', 11, 21), ('STARLINK-30334', 18, 22), ('STARLINK-30334', 18, 23), ('STARLINK-30334', 18, 24), ('STARLINK-30334', 18, 25), ('STARLINK-31379', 19, 26), ('STARLINK-31379', 19, 27), ('STARLINK-31379', 19, 28), ('STARLINK-31379', 19, 29), ('STARLINK-30535', 9, 30), ('STARLINK-30535', 9, 31)]",19,31,True,405.2043891003444
48,"[('STARLINK-5078', 13, 19), ('STARLINK-31996', 7, 20), ('STARLINK-31996', 7, 21), ('STARLINK-31996', 7, 22), ('STARLINK-31996', 7, 23), ('STARLINK-33832', 21, 24), ('STARLINK-33832', 21, 25), ('STARLINK-33832', 21, 26), ('STARLINK-33832', 21, 27), ('STARLINK-5287', 0, 28), ('STARLINK-5287', 0, 29), ('STARLINK-5287', 0, 30), ('STARLINK-5287', 0, 31)]",19,31,True,364.0708990281388
43,"[('STARLINK-5803', 2, 20), ('STARLINK-5803', 2, 21), ('STARLINK-5803', 2, 22), ('STARLINK-30552', 14, 23), ('STARLINK-30552', 14, 24), ('STARLINK-30552', 14, 25), ('STARLINK-30552', 14, 26), ('STARLINK-4279', 17, 27), ('STARLINK-4279', 17, 28), ('STARLINK-4279', 17, 29), ('STARLINK-4279', 17, 30), ('STARLINK-30991', 16, 31)]",20,31,True,377.0606938417011
42,"[('STARLINK-5803', 0, 20), ('STARLINK-5803', 0, 21), ('STARLINK-32199', 23, 22), ('STARLINK-32199', 23, 23), ('STARLINK-32199', 23, 24), ('STARLINK-32199', 23, 25), ('STARLINK-31379', 2, 26), ('STARLINK-31379', 2, 27), ('STARLINK-31379', 2, 28), ('STARLINK-31379', 2, 29), ('STARLINK-32191', 8, 30)]",20,30,True,281.48659551378773
40,"[('STARLINK-5803', 24, 20), ('STARLINK-5803', 24, 21), ('STARLINK-5803', 24, 22), ('STARLINK-33846', 10, 23), ('STARLINK-33846', 10, 24), ('STARLINK-33846', 10, 25), ('STARLINK-33846', 10, 26), ('STARLINK-33846', 10, 27), ('STARLINK-5287', 7, 28), ('STARLINK-5287', 7, 29), ('STARLINK-5287', 7, 30)]",20,30,True,253.57603105462562
41,"[('STARLINK-2523', 19, 20), ('STARLINK-2523', 19, 21), ('STARLINK-2523', 19, 22), ('STARLINK-30552', 20, 23), ('STARLINK-30552', 20, 24), ('STARLINK-30552', 20, 25), ('STARLINK-30552', 20, 26), ('STARLINK-4279', 21, 27), ('STARLINK-4279', 21, 28), ('STARLINK-4279', 21, 29), ('STARLINK-4279', 21, 30), ('STARLINK-30991', 6, 31)]",20,31,True,298.5650464854262
83,"[('STARLINK-11520 [DTC]', 19, 21), ('STARLINK-11520 [DTC]', 19, 22), ('STARLINK-32199', 3, 23), ('STARLINK-32199', 3, 24), ('STARLINK-32199', 3, 25), ('STARLINK-32199', 3, 26), ('STARLINK-30545', 10, 27), ('STARLINK-30545', 10, 28), ('STARLINK-30545', 10, 29), ('STARLINK-30545', 10, 30), ('STARLINK-5176', 5, 31)]",21,31,True,266.54471605468586
82,"[('STARLINK-5311', 4, 21), ('STARLINK-5311', 4, 22), ('STARLINK-5311', 4, 23), ('STARLINK-5311', 4, 24), ('STARLINK-30545', 4, 25), ('STARLINK-30545', 4, 26), ('STARLINK-30545', 4, 27), ('STARLINK-30545', 4, 28), ('STARLINK-30545', 4, 29), ('STARLINK-30545', 4, 30), ('STARLINK-31380', 1, 31)]",21,31,True,235.282411304742
81,"[('STARLINK-11520 [DTC]', 6, 21), ('STARLINK-11520 [DTC]', 6, 22), ('STARLINK-11520 [DTC]', 6, 23), ('STARLINK-33832', 0, 24), ('STARLINK-33832', 0, 25), ('STARLINK-33832', 0, 26), ('STARLINK-33832', 0, 27), ('STARLINK-30535', 13, 28), ('STARLINK-30535', 13, 29), ('STARLINK-30535', 13, 30), ('STARLINK-30535', 13, 31), ('STARLINK-33558', 18, 32)]",21,32,True,379.22663340128287
80,"[('STARLINK-11520 [DTC]', 0, 21), ('STARLINK-11520 [DTC]', 0, 22), ('STARLINK-11520 [DTC]', 0, 23), ('STARLINK-33832', 16, 24), ('STARLINK-33832', 16, 25), ('STARLINK-33832', 16, 26), ('STARLINK-33832', 16, 27), ('STARLINK-5287', 20, 28), ('STARLINK-5287', 20, 29), ('STARLINK-5287', 20, 30), ('STARLINK-5287', 20, 31)]",21,31,True,204.0735669163406
19,"[('STARLINK-33914', 15, 23), ('STARLINK-33914', 15, 24), ('STARLINK-33914', 15, 25), ('STARLINK-31379', 1, 26), ('STARLINK-31379', 1, 27), ('STARLINK-31379', 1, 28), ('STARLINK-31379', 1, 29), ('STARLINK-30300', 2, 30), ('STARLINK-30300', 2, 31), ('STARLINK-30300', 2, 32), ('STARLINK-30300', 2, 33), ('STARLINK-33856', 11, 34)]",23,34,True,587.3512088333277
18,"[('STARLINK-33914', 9, 23), ('STARLINK-33914', 9, 24), ('STARLINK-33914', 9, 25), ('STARLINK-30545', 15, 26), ('STARLINK-30545', 15, 27), ('STARLINK-30545', 15, 28), ('STARLINK-30545', 15, 29), ('STARLINK-30545', 15, 30), ('STARLINK-30300', 1, 31), ('STARLINK-30300', 1, 32), ('STARLINK-30300', 1, 33), ('STARLINK-30300', 1, 34), ('STARLINK-33760', 3, 35)]",23,35,True,553.0896126644863
17,"[('STARLINK-30334', 8, 23), ('STARLINK-33846', 18, 24), ('STARLINK-33846', 18, 25), ('STARLINK-33846', 18, 26), ('STARLINK-33846', 18, 27), ('STARLINK-30535', 17, 28), ('STARLINK-30535', 17, 29), ('STARLINK-30535', 17, 30), ('STARLINK-30535', 17, 31), ('STARLINK-30535', 17, 32), ('STARLINK-30300', 9, 33), ('STARLINK-30300', 9, 34)]",23,34,True,428.5356722423659
16,"[('STARLINK-33914', 7, 23), ('STARLINK-33914', 7, 24), ('STARLINK-33914', 7, 25), ('STARLINK-31379', 21, 26), ('STARLINK-31379', 21, 27), ('STARLINK-31379', 21, 28), ('STARLINK-31379', 21, 29), ('STARLINK-30300', 4, 30), ('STARLINK-30300', 4, 31), ('STARLINK-30300', 4, 32), ('STARLINK-30300', 4, 33), ('STARLINK-33856', 21, 34)]",23,34,True,370.9505343141407
4,"[('STARLINK-30603', 12, 24), ('STARLINK-30545', 11, 25), ('STARLINK-30545', 11, 26), ('STARLINK-30545', 11, 27), ('STARLINK-30545', 11, 28), ('STARLINK-30535', 16, 29), ('STARLINK-30535', 16, 30), ('STARLINK-30535', 16, 31), ('STARLINK-30535', 16, 32), ('STARLINK-30300', 16, 33), ('STARLINK-30300', 16, 34)]",24,34,True,317.503412342319
7,"[('STARLINK-33914', 1, 24), ('STARLINK-33914', 1, 25), ('STARLINK-31379', 10, 26), ('STARLINK-31379', 10, 27), ('STARLINK-31379', 10, 28), ('STARLINK-31379', 10, 29), ('STARLINK-5176', 8, 30), ('STARLINK-5176', 8, 31), ('STARLINK-5176', 8, 32), ('STARLINK-5176', 8, 33), ('STARLINK-30984', 18, 34)]",24,34,True,305.1027038477415
6,"[('STARLINK-30603', 17, 24), ('STARLINK-30545', 19, 25), ('STARLINK-30545', 19, 26), ('STARLINK-30545', 19, 27), ('STARLINK-30545', 19, 28), ('STARLINK-30535', 6, 29), ('STARLINK-30535', 6, 30), ('STARLINK-30535', 6, 31), ('STARLINK-30535', 6, 32), ('STARLINK-30300', 6, 33), ('STARLINK-30300', 6, 34)]",24,34,True,275.7507650110882
5,"[('STARLINK-32199', 8, 24), ('STARLINK-32199', 8, 25), ('STARLINK-32199', 8, 26), ('STARLINK-4279', 24, 27), ('STARLINK-4279', 24, 28), ('STARLINK-4279', 24, 29), ('STARLINK-4279', 24, 30), ('STARLINK-30985', 14, 31), ('STARLINK-30985', 14, 32), ('STARLINK-30985', 14, 33), ('STARLINK-30985', 14, 34), ('STARLINK-33760', 16, 35)]",24,35,True,349.4656872142551
93,"[('STARLINK-30552', 24, 25), ('STARLINK-30552', 24, 26), ('STARLINK-30552', 24, 27), ('STARLINK-32191', 0, 28), ('STARLINK-32191', 0, 29), ('STARLINK-32191', 0, 30), ('STARLINK-32191', 0, 31), ('STARLINK-33760', 15, 32), ('STARLINK-33760', 15, 33), ('STARLINK-33760', 15, 34), ('STARLINK-33760', 15, 35), ('STARLINK-3557', 19, 36)]",25,36,True,376.7226281237023
92,"[('STARLINK-30552', 3, 25), ('STARLINK-30552', 3, 26), ('STARLINK-30552', 3, 27), ('STARLINK-31380', 11, 28), ('STARLINK-31380', 11, 29), ('STARLINK-31380', 11, 30), ('STARLINK-31380', 11, 31), ('STARLINK-30985', 2, 32), ('STARLINK-30985', 2, 33), ('STARLINK-30985', 2, 34), ('STARLINK-30985', 2, 35), ('STARLINK-30985', 2, 36), ('STARLINK-34078', 1, 37)]",25,37,True,470.57334277677023
95,"[('STARLINK-33832', 13, 25), ('STARLINK-33832', 13, 26), ('STARLINK-33832', 13, 27), ('STARLINK-30535', 5, 28), ('STARLINK-30535', 5, 29), ('STARLINK-30535', 5, 30), ('STARLINK-30535', 5, 31), ('STARLINK-30535', 5, 32), ('STARLINK-30985', 3, 33), ('STARLINK-30985', 3, 34), ('STARLINK-30985', 3, 35), ('STARLINK-30985', 3, 36), ('STARLINK-34078', 12, 37)]",25,37,True,403.9717453757288
94,"[('STARLINK-33914', 0, 25), ('STARLINK-31379', 8, 26), ('STARLINK-31379', 8, 27), ('STARLINK-31379', 8, 28), ('STARLINK-31379', 8, 29), ('STARLINK-33558', 10, 30), ('STARLINK-33558', 10, 31), ('STARLINK-33558', 10, 32), ('STARLINK-33558', 10, 33), ('STARLINK-33856', 6, 34), ('STARLINK-33856', 6, 35)]",25,35,True,260.0301191187236
15,"[('STARLINK-31483', 21, 26), ('STARLINK-31483', 21, 27), ('STARLINK-5287', 2, 28), ('STARLINK-5287', 2, 29), ('STARLINK-5287', 2, 30), ('STARLINK-5287', 2, 31), ('STARLINK-33760', 23, 32), ('STARLINK-33760', 23, 33), ('STARLINK-33760', 23, 34), ('STARLINK-33760', 23, 35), ('STARLINK-3557', 15, 36)]",26,36,True,329.5004008411143
14,"[('STARLINK-31483', 7, 26), ('STARLINK-31483', 7, 27), ('STARLINK-31380', 19, 28), ('STARLINK-31380', 19, 29), ('STARLINK-31380', 19, 30), ('STARLINK-31380', 19, 31), ('STARLINK-33760', 8, 32), ('STARLINK-33760', 8, 33), ('STARLINK-33760', 8, 34), ('STARLINK-33760', 8, 35), ('STARLINK-30985', 23, 36)]",26,36,True,271.8632653278472
13,"[('STARLINK-31483', 0, 26), ('STARLINK-31483', 0, 27), ('STARLINK-3749', 10, 28), ('STARLINK-3749', 10, 29), ('STARLINK-3749', 10, 30), ('STARLINK-3749', 10, 31), ('STARLINK-5195', 22, 32), ('STARLINK-5195', 22, 33), ('STARLINK-5195', 22, 34), ('STARLINK-5195', 22, 35), ('STARLINK-30985', 7, 36)]",26,36,True,254.89352694822662
12,"[('STARLINK-31379', 17, 26), ('STARLINK-4279', 3, 27), ('STARLINK-4279', 3, 28), ('STARLINK-4279', 3, 29), ('STARLINK-4279', 3, 30), ('STARLINK-30991', 24, 31), ('STARLINK-30991', 24, 32), ('STARLINK-30991', 24, 33), ('STARLINK-30991', 24, 34), ('STARLINK-34078', 16, 35), ('STARLINK-34078', 16, 36), ('STARLINK-34078', 16, 37), ('STARLINK-34078', 16, 38)]",26,38,True,380.80342566423786
89,"[('STARLINK-33846', 1, 27), ('STARLINK-32191', 21, 28), ('STARLINK-32191', 21, 29), ('STARLINK-32191', 21, 30), ('STARLINK-32191', 21, 31), ('STARLINK-33856', 5, 32), ('STARLINK-33856', 5, 33), ('STARLINK-33856', 5, 34), ('STARLINK-33856', 5, 35), ('STARLINK-3557', 11, 36), ('STARLINK-3557', 11, 37)]",27,37,True,306.02911922596235
90,"[('STARLINK-6211', 9, 27), ('STARLINK-6211', 9, 28), ('STARLINK-30535', 1, 29), ('STARLINK-30535', 1, 30), ('STARLINK-30535', 1, 31), ('STARLINK-30535', 1, 32), ('STARLINK-30984', 4, 33), ('STARLINK-30984', 4, 34), ('STARLINK-30984', 4, 35), ('STARLINK-30984', 4, 36), ('STARLINK-34078', 21, 37)]",27,37,True,294.48154759579916
91,"[('STARLINK-6211', 20, 27), ('STARLINK-5287', 13, 28), ('STARLINK-5287', 13, 29), ('STARLINK-5287', 13, 30), ('STARLINK-5287', 13, 31), ('STARLINK-33856', 17, 32), ('STARLINK-33856', 17, 33), ('STARLINK-33856', 17, 34), ('STARLINK-33856', 17, 35), ('STARLINK-3557', 13, 36), ('STARLINK-3557', 13, 37)]",27,37,True,271.6687891459011
88,"[('STARLINK-4279', 19, 27), ('STARLINK-4279', 19, 28), ('STARLINK-4279', 19, 29), ('STARLINK-30300', 15, 30), ('STARLINK-30300', 15, 31), ('STARLINK-30300', 15, 32), ('STARLINK-30300', 15, 33), ('STARLINK-30984', 19, 34), ('STARLINK-30984', 19, 35), ('STARLINK-30984', 19, 36), ('STARLINK-30984', 19, 37), ('STARLINK-34122', 7, 38)]",27,38,True,280.4976791783392
77,"[('STARLINK-2606', 14, 28), ('STARLINK-2606', 14, 29), ('STARLINK-30991', 12, 30), ('STARLINK-30991', 12, 31), ('STARLINK-30991', 12, 32), ('STARLINK-30991', 12, 33), ('STARLINK-30984', 9, 34), ('STARLINK-30984', 9, 35), ('STARLINK-30984', 9, 36), ('STARLINK-30984', 9, 37), ('STARLINK-34122', 3, 38)]",28,38,True,262.25137350166636
79,"[('STARLINK-32191', 18, 28), ('STARLINK-32191', 18, 29), ('STARLINK-32191', 18, 30), ('STARLINK-5176', 21, 31), ('STARLINK-5176', 21, 32), ('STARLINK-5176', 21, 33), ('STARLINK-5176', 21, 34), ('STARLINK-34078', 14, 35), ('STARLINK-34078', 14, 36), ('STARLINK-34078', 14, 37), ('STARLINK-34078', 14, 38), ('STARLINK-31339', 10, 39)]",28,39,True,350.152675266426
76,"[('STARLINK-5287', 23, 28), ('STARLINK-5287', 23, 29), ('STARLINK-5287', 23, 30), ('STARLINK-30300', 20, 31), ('STARLINK-30300', 20, 32), ('STARLINK-30300', 20, 33), ('STARLINK-30300', 20, 34), ('STARLINK-34078', 11, 35), ('STARLINK-34078', 11, 36), ('STARLINK-34078', 11, 37), ('STARLINK-34078', 11, 38), ('STARLINK-31339', 18, 39)]",28,39,True,308.0168383044201
78,"[('STARLINK-2606', 4, 28), ('STARLINK-2606', 4, 29), ('STARLINK-33558', 4, 30), ('STARLINK-33558', 4, 31), ('STARLINK-33558', 4, 32), ('STARLINK-33558', 4, 33), ('STARLINK-30984', 1, 34), ('STARLINK-30984', 1, 35), ('STARLINK-30984', 1, 36), ('STARLINK-30984', 1, 37), ('STARLINK-31339', 8, 38), ('STARLINK-31339', 8, 39)]",28,39,True,282.34411417415765
